{
    "model_name": "XGBoost",
    "best_k_features": 10,
    "optimal_threshold": "0.4600",
    "best_hyperparameters": {
        "subsample": 0.8,
        "n_estimators": 100,
        "max_depth": 5,
        "learning_rate": 0.01,
        "colsample_bytree": 1.0
    },
    "selected_features": [
        "QRS_dur_5th",
        "QRS_dur_25th",
        "TpTe_75th",
        "TpTe_98th",
        "TpTe_RRI1",
        "Qtend/TendQ 98th",
        "QTpico/TpicoQ 98th",
        "HRV_MFDFA_alpha2_Max",
        "std_HRV_LFHF",
        "std_HRV_MFDFA_alpha2_Asymmetry"
    ],
    "classification_report_dict": {
        "0": {
            "precision": 0.7368421052631579,
            "recall": 0.6086956521739131,
            "f1-score": 0.6666666666666666,
            "support": 23.0
        },
        "1": {
            "precision": 0.47058823529411764,
            "recall": 0.6153846153846154,
            "f1-score": 0.5333333333333333,
            "support": 13.0
        },
        "accuracy": 0.6111111111111112,
        "macro avg": {
            "precision": 0.6037151702786377,
            "recall": 0.6120401337792643,
            "f1-score": 0.6,
            "support": 36.0
        },
        "weighted avg": {
            "precision": 0.6406948744410044,
            "recall": 0.6111111111111112,
            "f1-score": 0.6185185185185185,
            "support": 36.0
        }
    }
}