{
    "model_name": "LightGBM",
    "best_k_features": 10,
    "optimal_threshold": "0.5000",
    "best_hyperparameters": {
        "subsample": 1.0,
        "num_leaves": 40,
        "n_estimators": 100,
        "max_depth": 10,
        "learning_rate": 0.01,
        "colsample_bytree": 1.0
    },
    "selected_features": [
        "TpicoQ_5th",
        "TendQ_5th",
        "\u2206\u03b1_TpTe",
        "Qtend/TendQ 75th",
        "Qtend/TendQ 98th",
        "QTpico/TpicoQ 75th",
        "QTpico/TpicoQ 98th",
        "Perc QTpico TpicoQ > 1",
        "std_HRV_MFDFA_alpha2_Peak",
        "std_HRV_MFDFA_alpha2_Asymmetry"
    ],
    "classification_report_dict": {
        "0": {
            "precision": 0.7142857142857143,
            "recall": 0.6,
            "f1-score": 0.6521739130434783,
            "support": 25.0
        },
        "1": {
            "precision": 0.3333333333333333,
            "recall": 0.45454545454545453,
            "f1-score": 0.38461538461538464,
            "support": 11.0
        },
        "accuracy": 0.5555555555555556,
        "macro avg": {
            "precision": 0.5238095238095238,
            "recall": 0.5272727272727272,
            "f1-score": 0.5183946488294314,
            "support": 36.0
        },
        "weighted avg": {
            "precision": 0.5978835978835979,
            "recall": 0.5555555555555556,
            "f1-score": 0.5704199182460052,
            "support": 36.0
        }
    }
}