{
    "model_name": "GradientBoosting",
    "best_k_features": 10,
    "optimal_threshold": "0.5000",
    "best_hyperparameters": {
        "subsample": 1.0,
        "n_estimators": 300,
        "max_depth": 3,
        "learning_rate": 0.05
    },
    "selected_features": [
        "QRS_dur_5th",
        "QRS_dur_25th",
        "TpTe_75th",
        "TpTe_98th",
        "TpTe_RRI1",
        "Qtend/TendQ 98th",
        "QTpico/TpicoQ 98th",
        "HRV_MFDFA_alpha2_Max",
        "std_HRV_LFHF",
        "std_HRV_MFDFA_alpha2_Asymmetry"
    ],
    "classification_report_dict": {
        "0": {
            "precision": 0.7037037037037037,
            "recall": 0.8260869565217391,
            "f1-score": 0.76,
            "support": 23.0
        },
        "1": {
            "precision": 0.5555555555555556,
            "recall": 0.38461538461538464,
            "f1-score": 0.45454545454545453,
            "support": 13.0
        },
        "accuracy": 0.6666666666666666,
        "macro avg": {
            "precision": 0.6296296296296297,
            "recall": 0.6053511705685619,
            "f1-score": 0.6072727272727273,
            "support": 36.0
        },
        "weighted avg": {
            "precision": 0.6502057613168725,
            "recall": 0.6666666666666666,
            "f1-score": 0.6496969696969698,
            "support": 36.0
        }
    }
}